,item,mean
1,aāe,-105
2,aāwharīi,-107
3,aāha,-47
4,āahēnā,-37
5,aāihi,-33
6,aāirii,-88
7,āakī,4
8,āakīi,-49
9,aāmāto,-42
10,aānaa,-58
11,āanō,-47
12,āanu,-73
13,āape,-20
14,āapēore,-85
15,āarāngu,-20
16,aārōhie,-94
17,āea,-49
18,āeārēkēā,-85
19,aewhōmu,-24
20,aewhōno,-12
21,aehi,38
22,aeiāngahe,-32
23,āekiwhīni,-20
24,aema,-76
25,āenāitu,-25
26,āeni,54
27,aenungoe,-75
28,āeo,-24
29,aeoraiē,-60
30,aepī,1
31,āerēnē,7
32,āerērāo,-35
33,āerī,-15
34,aerū,-74
35,aetēkē,1
36,aetīro,-15
37,āwhāeā,46
38,āwhāmowheo,99
39,awhanē,-7
40,āwhangi,120
41,āwhekaāhē,-85
42,awhengū,73
43,awhēri,6
44,awhīwheke,63
45,āwhīteomā,-45
46,āwhiū,95
47,awhiwia,49
48,awhu,-32
49,āwhu,-15
50,āwhuiu,4
51,āhakēwhi,-15
52,ahāngaō,14
53,ahārunē,15
54,āhāutoī,-2
55,ahāwāme,-29
56,ahē,36
57,āhe,-19
58,āhē,27
59,ahēa,58
60,āhēaome,-42
61,ahekī,35
62,āhēkiika,-73
63,ahekū,37
64,ahēreo,27
65,āhīarōhu,36
66,ahīue,7
67,ahō,80
68,ahōakōwhe,-19
69,ahū,69
70,āhū,98
71,ahūhō,3
72,ahukiī,-32
73,āiakē,-20
74,aie,-29
75,aiē,-100
76,āiwhāaki,-24
77,aiwhāmāngo,6
78,āiwhōnē,-49
79,āiha,-24
80,aii,-85
81,aikīi,-62
82,āikokī,41
83,ainīkiaa,-73
84,aiō,10
85,āirāu,23
86,airinoae,-19
87,āitiwē,-18
88,āitōī,-82
89,aiu,-110
90,āiwātōī,-53
91,āiwē,-14
92,āiwea,-8
93,aiwingōo,-85
94,akakāmo,121
95,akārowhī,42
96,ākaū,46
97,ākē,40
98,ākeawiti,6
99,ākēwie,-46
100,ākiā,-46
101,akongōu,97
102,ākōranī,77
103,ākū,38
104,akuārē,65
105,ākuhēpa,110
106,ākūī,58
107,ākuōka,-24
108,āmakāwē,47
109,amamīana,44
110,āmāmuā,60
111,āmāngāwhī,-10
112,āmāo,-10
113,amāpū,-56
114,āmeamahō,6
115,ameāo,-13
116,amengiwī,36
117,āmenopē,-6
118,ameropīi,-5
119,amīi,-72
120,amīiawi,-98
121,āmo,64
122,āmōwhahu,9
123,āmōmiru,92
124,amūhi,30
125,āngā,115
126,anaā,41
127,ānahuwha,145
128,ānākiī,-49
129,angāmāu,32
130,āngāonokō,125
131,anē,-5
132,āne,42
133,āngea,32
134,āngeaungo,-69
135,anehuī,-13
136,ānemo,-51
137,angene,64
138,angēnē,4
139,āni,54
140,anienoi,-32
141,anīonī,4
142,anīrīi,-91
143,anitīongu,89
144,āniu,69
145,aniuro,-43
146,āno,74
147,ānoa,54
148,anowhēa,62
149,āngohāo,3
150,ānōiapo,11
151,angōihohe,-6
152,ānokāpōā,-6
153,ānōkī,32
154,ānōneetē,-85
155,ānonipe,19
156,āngōpēō,-16
157,ānōtēnē,-20
158,anōtoī,-44
159,angu,-34
160,angū,-49
161,āngū,-46
162,anguapīwha,19
163,anguwhāmi,-28
164,angūhīmē,-10
165,angūhueu,-25
166,ānuirii,-53
167,ānuiui,7
168,angūngoā,-8
169,angūreū,-25
170,angutepōī,19
171,āngūtuā,48
172,aowhītao,116
173,aohōpo,34
174,aoionōpā,5
175,aoku,-173
176,aongu,-51
177,aorāo,-12
178,āpa,56
179,apaī,-7
180,apāngōo,-70
181,āparue,68
182,ape,-44
183,apewhō,-34
184,apēmimīi,-60
185,apenaā,-62
186,āperuwhāe,6
187,apī,-8
188,apiui,-30
189,apōwheheu,-32
190,apōī,-1
191,āpōī,66
192,āpū,26
193,āpuākāī,-21
194,apuhū,66
195,ārāhēnga,106
196,arāitāngī,135
197,āreāwawhē,19
198,arēhē,66
199,ārēnapeu,19
200,ariaeā,-20
201,ārīi,-42
202,arohōmāī,59
203,arōkiwhō,-63
204,arootūī,3
205,ārūmāhiū,-59
206,ātaa,42
207,ātaī,28
208,ātāngowa,74
209,atē,38
210,ateehē,27
211,ātēme,-70
212,atētingāi,-21
213,ātīrena,62
214,ātowingae,-32
215,atū,97
216,ātuiārīi,-85
217,ātūwāme,-32
218,auā,42
219,āuaewhu,-96
220,āue,82
221,aueoānao,19
222,auetōwi,-18
223,auhū,-104
224,aukūko,-28
225,āungāo,-22
226,aunōu,-30
227,auouimā,-47
228,āupu,-51
229,aurāreū,55
230,āutetō,-29
231,āwa,130
232,āwawhutoī,-19
233,āwāimīi,-64
234,awākū,8
235,awapowhāi,49
236,awē,33
237,āwē,51
238,āweehipē,-45
239,awehēpē,9
240,āwēneoma,-46
241,aweweuwhe,49
242,awi,-8
243,āwi,11
244,āwī,10
245,āwīhingaā,-85
246,āwita,89
247,awiwē,-70
248,āwīwī,78
249,eaa,-114
250,eaā,-41
251,eae,-76
252,eaeaipāā,-48
253,eaekiī,-59
254,eawhīno,-48
255,eaiāo,15
256,eaiwhī,-82
257,eaipū,-13
258,eakīwā,19
259,eakōkēhē,19
260,eakōkotī,19
261,eangi,-21
262,eareawē,-31
263,eatōhīhi,-58
264,eaweuri,-17
265,eēhaeaui,-85
266,eēheha,-65
267,eēhutūri,-85
268,eēra,-47
269,eērāwingō,-85
270,eērewīwi,-85
271,eētewhutē,-73
272,eēteū,-105
273,eētōngonu,-85
274,eētu,-47
275,ēwhaiō,-53
276,ēwheauitū,-32
277,ēwhērukū,-27
278,ēwhētitī,-5
279,eha,0
280,ēhaho,-22
281,ēhē,-58
282,ēhehō,-24
283,ēheu,18
284,ehiāmo,-45
285,ēhiāngū,-26
286,ehiūrīri,-19
287,ehōpīwī,-38
288,ēhuehōmā,-32
289,ehuī,81
290,ehūtua,13
291,eiawha,-94
292,ēiamāiē,-66
293,eiaorīi,-93
294,ēiati,-81
295,eiwhe,-28
296,eīhāuinā,-32
297,eīhiaā,-94
298,eīhiarī,-26
299,eīhipewhe,-32
300,eīho,-11
301,eīhoā,-79
302,eīhowhēa,-49
303,eikūī,-47
304,eina,29
305,ēingāu,-37
306,ēinunā,-63
307,eiwē,-59
308,ekā,27
309,ēka,-32
310,ekēa,-20
311,ēkerō,34
312,ekeutē,-34
313,ekierī,78
314,ekīongū,-15
315,ēko,-89
316,ekoa,94
317,ekoharū,27
318,ekōngonge,46
319,ekopikēi,-32
320,ēkorēwi,6
321,ekōruwe,50
322,ēkotūī,-12
323,ēku,-6
324,ekūte,-32
325,ekuurorī,-32
326,eme,-69
327,emiakīi,-66
328,emikūwhao,-32
329,emiwangē,-87
330,emoīta,-43
331,emu,-5
332,enā,59
333,ēnāaruā,-56
334,ēngaāu,-44
335,ēngaiotē,-88
336,engangē,47
337,ēnangī,-39
338,engaō,-7
339,engaoerā,27
340,ēngaōki,79
341,ēngapa,8
342,ēngatēi,-22
343,enāura,-32
344,ēnāutēa,-11
345,ēnawī,17
346,ēnge,-63
347,engewhō,-59
348,ēngehōimo,-32
349,enekē,57
350,enengukō,-66
351,ēneotūa,-100
352,ēnēpepēa,-6
353,ēngetūī,-46
354,enī,-46
355,ēngi,-96
356,ēngiāihē,-9
357,ēniākoho,-32
358,ēngiwhī,-39
359,ēngihihōu,-32
360,enio,-87
361,ēngiwē,-82
362,engo,-63
363,enoehāi,-59
364,enowhi,-15
365,enokāna,-1
366,ēnokingo,-1
367,ēnoteu,-87
368,enu,-55
369,engu,-61
370,engū,-115
371,enguemi,-50
372,engūhe,-60
373,engūngepē,17
374,engūtūkūī,-48
375,engūtūorī,-32
376,eoā,-38
377,eoahuma,-87
378,eoeiā,-68
379,eowhangī,-65
380,eoiotōnga,19
381,eoitōeao,-32
382,eomāī,-68
383,eomio,9
384,eonāmu,-70
385,eonoā,-39
386,eopūiawe,-32
387,eoreipāā,-85
388,eotēkuī,-69
389,eotōwhā,-91
390,eotuāmeā,-46
391,eowehū,-89
392,epā,-16
393,epāewangā,6
394,ēpakū,-33
395,epawie,-121
396,epē,-4
397,epēwherā,58
398,epēmu,-42
399,ēpēō,5
400,ēpēowhāō,-36
401,epepū,-21
402,eperāā,-47
403,epi,-68
404,epo,-30
405,epō,-16
406,ēpo,-79
407,epu,-30
408,epūapupu,19
409,ēpuarōmi,-6
410,ēpuwhī,-59
411,epūmu,-70
412,ēpunge,-81
413,ērāwheke,89
414,ērāngī,-6
415,ērapū,-5
416,ērāwā,-24
417,ērē,-6
418,ērēpēpa,8
419,ērēpeu,31
420,ēreū,4
421,ērēwēnā,51
422,ērewi,-26
423,erīi,-59
424,eringā,27
425,ēriwengāo,-32
426,ēro,-65
427,erōpīpā,-19
428,erū,65
429,ēru,47
430,ēruhe,-19
431,etā,-46
432,ētatamō,0
433,ētātūerā,-32
434,etē,36
435,ētewheungu,6
436,etewī,-11
437,etī,-53
438,etinī,-53
439,etingoū,-54
440,ētiungu,-47
441,eto,-96
442,etō,-103
443,ētōī,-40
444,ētotōī,-48
445,etōu,-8
446,ētu,92
447,etueu,-14
448,ewāingō,-38
449,ewauē,-37
450,ewea,-73
451,ewengū,-6
452,eweupūā,-43
453,ewiwhōpo,-62
454,whaengoū,90
455,whāepe,49
456,whāeweka,89
457,whāwhakīi,19
458,whawhu,2
459,whakī,4
460,whāmimopē,-19
461,whanokōnē,200
462,whānopōkō,57
463,whānungomā,19
464,whāo,59
465,whāohuwhea,74
466,whāoku,52
467,whatāiē,-16
468,whatēā,23
469,whēa,103
470,whēawe,102
471,whēwha,41
472,whewhō,27
473,whēkoekiī,23
474,whēkowhirē,44
475,whēkopi,76
476,whēnawīhe,-32
477,whēre,-11
478,whēretā,67
479,whētetāwi,34
480,wheu,19
481,whēurūkiī,-60
482,whiāma,8
483,whiamenge,20
484,whiarūwi,76
485,whiwhanī,76
486,whihē,27
487,whīnā,56
488,whingopōī,1
489,whīokāī,-16
490,whiorāā,-79
491,whipie,-105
492,whītāwhu,-22
493,whītōkai,122
494,whiuiā,80
495,whoaene,-40
496,whoahai,1
497,whōmeau,-63
498,whōnewhānā,21
499,whōnewhō,-1
500,whōno,-39
501,whōpūngaō,15
502,whorohumū,-46
503,whouā,-20
504,whoukō,-10
505,whoukungāa,-85
506,whuri,-45
507,whuteīhī,25
508,whutihāi,-33
509,whutongo,-15
510,hāe,2
511,haeo,4
512,hahīhī,118
513,hahīkā,83
514,hānapīa,56
515,hāo,113
516,hapāiē,18
517,hāpawiwhe,19
518,hātēnē,66
519,hāuii,28
520,hawenī,44
521,heā,-24
522,hēaoā,-45
523,heawiwhō,-9
524,hēha,17
525,hehiekī,80
526,hēkiwhāi,9
527,hekiii,-22
528,hemāī,-51
529,hēmakimā,44
530,hengokīngi,31
531,heowhinē,-15
532,hēpi,14
533,hērēronī,35
534,heuaaaiē,-85
535,heumoe,66
536,heungarēi,59
537,hiā,70
538,hiaamū,46
539,hīahiepī,9
540,hīangāwi,18
541,hīapei,28
542,hīewī,-59
543,hīkeu,50
544,hikīi,-23
545,hīnāhō,53
546,hingoā,43
547,hīonataī,57
548,hirewhui,15
549,hirīāwhī,-50
550,hītaīni,74
551,hītāwau,42
552,hītū,-35
553,hiūrā,-27
554,hoaoā,-61
555,hoātiwī,-16
556,hōke,17
557,hōnukē,68
558,hōpukī,113
559,hōpukūī,0
560,hōre,-53
561,hōrōngā,103
562,hōtārāua,44
563,howaka,69
564,howi,-24
565,hūarāwī,-3
566,hūwhiaongo,31
567,huwhitu,103
568,huī,146
569,huīhīwī,4
570,hūihōrā,28
571,hūkanī,29
572,hūkarū,79
573,hūkēngi,107
574,hūku,-53
575,humo,-70
576,humōngōo,-49
577,hūnao,166
578,huomō,50
579,hūorō,118
580,hūotūpō,18
581,hupuoro,141
582,hūtaī,52
583,huteho,1
584,huunemaa,-32
585,iaerō,-60
586,iāwha,-11
587,iāwheuka,-26
588,iakuwhe,-4
589,iāmiwi,-94
590,iao,-26
591,iātaetēā,-32
592,iātōpangī,-58
593,iāu,-81
594,iāwarō,-40
595,ieawhīnoe,-58
596,iemepēō,-107
597,iemuwhāu,-97
598,ienewhō,-68
599,ienie,-35
600,īhaikēā,-32
601,īhāmi,-59
602,ihē,37
603,īhe,36
604,īhemaongū,-32
605,īheo,39
606,ihēpaa,-53
607,ihēri,-15
608,īhoanōu,-12
609,īhongāe,-17
610,ihū,90
611,īhu,60
612,īkā,117
613,īkaheiro,-4
614,ikahonā,101
615,īkānunge,-35
616,ikaōkīro,6
617,īkāpuawhu,21
618,īkāreewē,-58
619,ikē,61
620,ikēkēā,18
621,ikēme,-15
622,īkī,6
623,īkikō,19
624,īkitūwī,-30
625,ikoā,120
626,ikōamāī,-32
627,ikōi,83
628,ikou,-7
629,ikū,41
630,ikuhēa,16
631,ikūtangou,-8
632,imā,-51
633,īmaānō,-54
634,imāī,-47
635,imāmō,-46
636,imanōngiā,-19
637,īmauui,-56
638,īmehēki,-57
639,īmemapōī,-19
640,īmēnā,-9
641,īmēni,-31
642,īmēpi,-23
643,īmi,-48
644,imiaiē,-34
645,imingōo,-89
646,imīpōī,-46
647,īmo,-100
648,īmō,-24
649,īmōne,-93
650,īmuhū,-82
651,īmuikīwhe,9
652,īmuri,81
653,imutō,-8
654,ingāwhu,57
655,ingaiē,-42
656,īnākoetū,6
657,īnameoe,-32
658,inangī,83
659,inē,16
660,īne,-46
661,inēpaīne,99
662,inētenau,-6
663,inēti,-43
664,īni,-32
665,īnī,-34
666,iniei,-26
667,īniwhāō,-61
668,ingihūawā,182
669,ingii,-51
670,inīkauē,-24
671,īno,-51
672,inohū,73
673,inoingoū,39
674,ingōkiongi,6
675,ingonē,-70
676,inūhāhāe,49
677,ioaepou,-95
678,ioeomō,-36
679,iokapēi,-74
680,iongawhā,-22
681,ioutōu,-75
682,iowaā,-68
683,ipi,-27
684,ipingāa,-29
685,ipueoawā,-19
686,ipupo,-8
687,īra,61
688,īrāā,7
689,irānō,87
690,irāwāu,58
691,īrawē,32
692,irawi,29
693,ire,-20
694,irē,-16
695,īre,-26
696,īrengū,-14
697,irī,6
698,īrī,21
699,īrīi,15
700,iriomo,38
701,īro,-16
702,iroiāngī,38
703,īrouou,4
704,irū,-34
705,īrui,-49
706,īrumaāi,-63
707,īrupuwhe,32
708,īrutipōī,-32
709,itaī,34
710,ītamāī,-24
711,itangūpo,64
712,ītapīokō,-6
713,īteru,-33
714,ītī,130
715,ītīwhi,7
716,itīhā,-27
717,ītingongoū,74
718,ītīonī,-69
719,ītīruāte,-32
720,ītō,-49
721,ītōā,-25
722,ītoepāwhī,-32
723,ītōpēngi,-65
724,itōungāpo,19
725,ītū,-6
726,itūā,32
727,itūotiū,-3
728,ītūrāpā,-4
729,itūwī,-42
730,iuaiē,-50
731,iuetukē,-56
732,iuhitē,-72
733,iuiitūai,-73
734,iuiwapōī,19
735,iukōwae,-14
736,iumoī,-25
737,iwā,71
738,īwā,104
739,īwaākiwhō,-58
740,īwaarēi,-57
741,īwauerāu,64
742,iwawē,8
743,iwe,-49
744,īwe,-79
745,īwē,-20
746,īwea,-15
747,īweerikō,-85
748,iwēki,-45
749,iwēnengāa,-85
750,īwepe,-32
751,iwēwau,17
752,īwewēta,5
753,īwewēwe,40
754,iwī,72
755,īwi,113
756,īwī,99
757,īwie,-73
758,iwienuwhī,-32
759,īwīpēō,-81
760,iwīpū,-14
761,iwirē,-51
762,iwītamīi,-85
763,iwiti,31
764,īwīwīhou,-6
765,kaanē,-79
766,kāwherū,83
767,kāwhingōu,2
768,kaiāngō,53
769,kāngōo,-121
770,kaō,146
771,kāpeiwhe,-49
772,kāpī,28
773,kātuutō,-22
774,kaū,100
775,kāu,35
776,kāumukūī,6
777,kāwikēā,47
778,keā,111
779,kēa,53
780,keehāhāe,-48
781,kēiaā,-57
782,kēmināa,-73
783,kenaangī,-15
784,kēnganāpo,-19
785,kēngiua,-26
786,kerāutōu,-19
787,ketioae,1
788,kewemahō,-19
789,kīakēwhe,-44
790,kīwha,-62
791,kīi,28
792,kīnāngōpā,-32
793,kīngau,85
794,kingeki,-4
795,kinī,-59
796,kiō,43
797,kiōmo,-45
798,kīongū,-10
799,kīore,253
800,kīronopi,44
801,kitō,1
802,kiuapū,-97
803,koā,37
804,koākiī,-65
805,kōwhetēā,78
806,kowhīwha,107
807,kōwhīwha,106
808,kowhīkoiu,46
809,kohurāā,-39
810,kōi,70
811,kōkē,1
812,komekua,52
813,kōnēparo,-6
814,konēpē,71
815,kōnie,-23
816,kōnoi,62
817,kōngōpēhe,72
818,kōngōpowā,6
819,kongoū,17
820,kōngūre,42
821,kōreukāī,-48
822,kōtēmaae,-85
823,kōu,37
824,kōuekītī,-32
825,koutōi,78
826,kōutu,151
827,kōwātu,91
828,kowea,43
829,kuaā,-6
830,kūangeo,83
831,kūwhāwha,90
832,kūwheiāhi,101
833,kūhongoi,125
834,kuīhu,-3
835,kumukū,43
836,kūmumeā,63
837,kūnāwhawhu,6
838,kūngeawī,-35
839,kunio,-45
840,kupēnā,106
841,kūremi,76
842,kuriekē,78
843,kūro,20
844,kūtōī,-9
845,kūtōtuā,25
846,kuunia,-14
847,maā,-65
848,maaiōmu,-36
849,maāiwaa,-40
850,maangō,41
851,māhōu,88
852,māko,42
853,mākūngangō,-6
854,māpi,-5
855,mārēpu,46
856,mātō,72
857,meānō,14
858,meiuwha,-18
859,mēni,3
860,menowā,-20
861,mengū,41
862,mengūpi,-64
863,mēri,69
864,mētēmune,74
865,mie,-96
866,mīeke,85
867,mīepētāo,6
868,mīepouwhe,-32
869,mīewiru,31
870,mīhaiē,-11
871,mīhīpāia,82
872,mīi,-86
873,mīkangī,34
874,mīkiwhō,-49
875,mini,-33
876,mipetōī,-21
877,mīpewi,-33
878,mīpūingi,-38
879,mīra,53
880,mīrīwipa,69
881,miūhohoā,-32
882,miurāwhī,4
883,moeo,-18
884,mowhāō,52
885,mōhūeku,44
886,mohuhūwā,124
887,mokīonāu,44
888,mōngō,57
889,mongue,-77
890,mongueo,-68
891,mopawēti,-32
892,mōtewhānō,95
893,mōtuone,138
894,mouengāwā,-19
895,mōumoho,116
896,mūwhengā,70
897,mūwhepūwa,19
898,muhuwē,5
899,muirēi,-3
900,mūmāngoū,-49
901,mumepēō,-46
902,mūmōu,-3
903,mumūtōu,86
904,mungi,-123
905,mūngūhōngu,-32
906,mūngurāā,-55
907,mūpōahī,-16
908,mūpūwha,36
909,mūpuiiko,-85
910,mūriotī,65
911,mūtewha,97
912,ngaeā,91
913,ngaewhu,43
914,naekiea,-45
915,ngawhāniti,205
916,nāwhī,5
917,ngāwhipe,4
918,nāi,67
919,ngāiamīi,-97
920,nāiē,81
921,ngāiē,9
922,nāingōngā,-31
923,naiumāī,-69
924,ngāiwī,134
925,ngakaū,187
926,ngākiōro,50
927,ngāme,27
928,ngāmi,28
929,ngāmitānō,-21
930,nangatēā,61
931,nānoei,-85
932,ngāo,101
933,naonunē,-13
934,ngāpui,82
935,nātētē,103
936,nātūera,64
937,ngauī,-3
938,ngaungākaī,44
939,ngaurē,67
940,nāwī,30
941,nāwīpuha,-6
942,neāeare,-52
943,neenahāa,-85
944,newhekāī,-32
945,ngewhekiī,-65
946,newhipō,-66
947,nēhē,14
948,ngehi,51
949,nēhu,27
950,ngeimokēi,24
951,ngeipū,-14
952,ngēkēi,38
953,ngekengūru,44
954,ngēkeoāi,-76
955,nekīi,-93
956,nekītaā,-74
957,ngenaāhā,-87
958,ngēnāwhāō,-35
959,ngēnāme,-1
960,nenanī,-48
961,ngēni,-26
962,nengu,14
963,ngenuii,-27
964,nēnumi,-9
965,neongeua,-42
966,nērāiē,-44
967,ngēraiōrā,36
968,ngerakū,15
969,nēreāmō,-12
970,nēri,58
971,ngeruaopo,99
972,nērue,-84
973,ngētariāu,6
974,nētue,-81
975,newāpu,-45
976,nia,-19
977,niehā,-25
978,nihānāngī,21
979,nihū,9
980,nīkā,-53
981,ngikā,-24
982,nikahū,-15
983,nimei,-19
984,ningā,-60
985,ngingāowa,18
986,nīnī,4
987,nīno,-21
988,niowhīongū,-32
989,nīoniwē,-12
990,ngipo,-68
991,ngirāmi,42
992,nirerōngū,-32
993,nīrī,4
994,nīrīia,-74
995,nītōwāngā,-17
996,ngiwe,27
997,niwēpē,-33
998,ngoa,89
999,noane,-3
1000,noātō,-23
1001,noemua,17
1002,noepē,-49
1003,ngoepēō,-27
1004,nōhī,30
1005,nōhoie,-51
1006,nōi,-27
1007,nōkēwhehī,22
1008,ngomaongaa,-6
1009,nomiākū,-24
1010,nōmōwā,-15
1011,nomuhuhū,19
1012,ngongā,-13
1013,ngōngopa,79
1014,ngōngū,-93
1015,nongūpō,-36
1016,ngōotū,-41
1017,ngōotupo,-69
1018,ngōpawhāko,-6
1019,ngōpaimāī,-6
1020,ngōpewhā,52
1021,ngōpēō,-59
1022,nopo,-75
1023,nōpōnīka,-6
1024,nōro,-116
1025,ngotēwhī,-12
1026,ngōto,-23
1027,ngōu,6
1028,ngouhu,57
1029,ngōukōu,43
1030,nōwi,-10
1031,nguaāmuwhī,-85
1032,nuaiō,13
1033,nuapētā,8
1034,nue,-41
1035,nguwhe,24
1036,nguwhiūkōi,-6
1037,nūhano,-4
1038,ngūhikī,30
1039,nguhutōngū,69
1040,nguimāi,-2
1041,ngukāī,-6
1042,nūmāanī,-36
1043,nūmaaowa,-85
1044,nūmeo,-48
1045,ngumo,4
1046,nūmorīpo,-45
1047,nūmu,-49
1048,nūmūwha,6
1049,ngungā,-9
1050,ngūngā,4
1051,ngunāe,-33
1052,nunē,-59
1053,ngūngukēa,92
1054,nūpakoi,53
1055,nūpēō,-94
1056,nupotowhē,-32
1057,nūpupēō,-85
1058,ngūta,-28
1059,nutē,-49
1060,nguungeā,-27
1061,nguunō,-105
1062,oae,-129
1063,oahuwha,40
1064,oaiē,-49
1065,ōāiē,-51
1066,ōāka,43
1067,ōāke,83
1068,ōāki,3
1069,ōākō,29
1070,ōānarō,-97
1071,ōānawei,-19
1072,ōāneaongo,-45
1073,ōāno,-25
1074,oapēō,-59
1075,oarāuihō,9
1076,oarē,28
1077,oarīauē,-77
1078,ōāteū,-79
1079,ōātueo,-35
1080,oau,-19
1081,oeā,-36
1082,oeianoau,-58
1083,oeingiiii,-85
1084,oekeku,-6
1085,oenoāpei,-32
1086,oengūtou,-4
1087,oeo,-38
1088,oera,3
1089,oerowhiwhā,-6
1090,oetounē,-59
1091,ōwha,2
1092,owhāehōte,-32
1093,owhakenie,38
1094,owhāō,3
1095,owhātōī,-24
1096,owhēa,76
1097,ōwhenutūī,-4
1098,ōwhepāā,-51
1099,owhi,-9
1100,ōwhī,-63
1101,ōwhīnāa,-47
1102,owhingoā,52
1103,ōwhīri,88
1104,ōhātiū,-9
1105,ohāwehē,101
1106,ōhe,-19
1107,ōhē,-96
1108,ōhengu,84
1109,ōhī,20
1110,ōhīwēti,24
1111,ōhō,23
1112,ohōhoomē,-85
1113,ōhōi,14
1114,ohōngōpē,5
1115,ohōuea,22
1116,ōhuānui,57
1117,ohuetaa,56
1118,ōhupōāre,154
1119,ōiaomi,-80
1120,ōiauē,-84
1121,oieitoā,-56
1122,oinūpē,-81
1123,ōio,16
1124,ōipūā,-44
1125,ōirerūngā,-32
1126,ōitēurī,-28
1127,ōiwērāa,-85
1128,okaāpue,-74
1129,ōkāī,21
1130,okāpāpōī,44
1131,ōkēmihāo,-85
1132,okēru,-10
1133,okīwhea,52
1134,okiowhiwe,6
1135,ōkīpowā,-3
1136,okīroru,42
1137,ōkō,26
1138,ōkoie,-23
1139,ōkopeu,-2
1140,omaāi,-36
1141,ōmāakī,-28
1142,ōmaiāngī,86
1143,omanuenge,19
1144,ōmawēhē,-26
1145,ome,-81
1146,ōme,-98
1147,omēhuānō,-32
1148,omekenou,19
1149,omērē,39
1150,ometōī,-76
1151,ōmiko,75
1152,omipu,-12
1153,omō,-55
1154,ōmō,-63
1155,omowhe,-63
1156,ōmōmā,22
1157,omōmāī,-28
1158,omōmuepi,6
1159,ōmou,-49
1160,ōmuneu,-42
1161,ōnga,7
1162,ōngāe,24
1163,ōnganetō,74
1164,ongāpāā,-71
1165,ōngāpōhō,30
1166,ongāunētē,-19
1167,ōne,52
1168,ōnē,-55
1169,ongehana,138
1170,onemutō,78
1171,ōnepaiō,78
1172,ongepōu,73
1173,onēro,-28
1174,ōni,-39
1175,ōnī,-36
1176,oningamāī,-32
1177,ōninārā,16
1178,ōniowhea,51
1179,onīokī,-21
1180,onō,23
1181,ōngō,-71
1182,onoā,81
1183,ongoāpi,-26
1184,ōngoe,9
1185,ongōkewhō,-34
1186,ongōngo,59
1187,onōpīhaa,-23
1188,onōu,-22
1189,onowaiō,58
1190,ōngowākī,10
1191,ongu,-32
1192,ōnu,-7
1193,ōngū,-33
1194,ōngue,-66
1195,ōnguengae,43
1196,ongūho,-18
1197,ōngukiamō,-32
1198,ongukotōī,6
1199,ōngūpō,-6
1200,ōnutē,-37
1201,ōngūti,-3
1202,ōotī,-49
1203,ōotīwhia,-87
1204,ōotoā,-82
1205,ōotōwāmo,-85
1206,ōotu,-53
1207,ōpāeāwha,-12
1208,opahūatī,-32
1209,opākii,55
1210,opāngu,-23
1211,opārēhē,32
1212,opē,16
1213,opēatōpu,104
1214,opengū,-20
1215,opīngohe,85
1216,opo,58
1217,opō,15
1218,ōpō,-16
1219,ōpoaumāī,-47
1220,opōī,-35
1221,opopewē,-25
1222,ōpu,-3
1223,opuehu,110
1224,ōpuwhihe,16
1225,opui,1
1226,ōpuporōi,49
1227,ōrā,73
1228,orē,-51
1229,ōre,24
1230,orēiawhāō,-32
1231,orēurō,-14
1232,orēwe,28
1233,ōrīhu,41
1234,orīi,66
1235,ōriināi,-34
1236,orikūteū,-6
1237,orō,66
1238,ōru,61
1239,ōrūke,-34
1240,oruukēi,-23
1241,otā,-26
1242,otāihēkē,44
1243,otamōmōi,44
1244,ōtangī,86
1245,ōtangu,23
1246,ōtāue,58
1247,otēā,4
1248,ōtehēngi,50
1249,ōtēngiii,-63
1250,otērē,34
1251,ōtī,-20
1252,otiwhī,-34
1253,ōtīrieme,-32
1254,otoena,-9
1255,otoengaō,16
1256,ōtōī,-1
1257,otoipini,44
1258,otōkōwā,26
1259,ōtowikūī,-19
1260,otū,-5
1261,ōtu,-29
1262,ōtūāro,34
1263,ōtuhēpu,21
1264,otunewhi,8
1265,ōtupowi,2
1266,ōua,4
1267,ouaaa,-105
1268,ouāanōnē,-85
1269,ōuaū,38
1270,ouetīpūā,19
1271,ouwhāi,-17
1272,ouwhinī,-38
1273,ōukeākii,-85
1274,ōukuī,-54
1275,ōumāngāhū,6
1276,oumi,4
1277,ōungāwe,-33
1278,ounginē,-48
1279,ōungiua,-65
1280,ōungokatu,-6
1281,ōununō,-79
1282,ouomō,19
1283,oupo,4
1284,ourātekū,-19
1285,ōurūpeiu,-32
1286,ouwawhutī,6
1287,owā,-22
1288,ōwā,12
1289,ōwaetū,-10
1290,ōwāiomāo,101
1291,owāmo,-17
1292,ōwanu,18
1293,oweame,-86
1294,owepōī,-62
1295,ōweru,48
1296,ōwi,-67
1297,ōwiwī,-3
1298,paaiē,-79
1299,paangī,-60
1300,pāwhānāngī,-6
1301,pāwhi,-1
1302,pāhāpāko,97
1303,pahūngo,57
1304,paī,101
1305,pāiwhōmō,-37
1306,pāipōnao,6
1307,pākēmiwē,-19
1308,pānimoī,15
1309,pangipēnga,44
1310,pāngōkī,47
1311,pānōu,11
1312,pāpōi,82
1313,parīa,56
1314,patanōhō,125
1315,pāu,37
1316,pāumo,26
1317,pāwī,-11
1318,pēa,14
1319,peawhītō,110
1320,pewhō,52
1321,pēi,59
1322,pēinga,71
1323,pēmenāmi,-6
1324,pēngaō,-18
1325,pēnepīi,-28
1326,peningi,-49
1327,pēowhe,5
1328,peokēangī,-32
1329,pēorī,-45
1330,pēpēō,0
1331,pēpiaoni,19
1332,petōāti,-17
1333,petōno,27
1334,peu,-29
1335,piaao,56
1336,piākuā,-14
1337,pie,-52
1338,piwhīta,-24
1339,pīhīa,122
1340,pīhu,25
1341,pīiaāki,-46
1342,pikē,-68
1343,pīneani,30
1344,pingeātūā,6
1345,pīnekēā,-30
1346,pīpakā,97
1347,pīwēkē,48
1348,pīwīkere,95
1349,piwīpōni,-19
1350,poahāhu,136
1351,powhae,120
1352,pōwhe,-10
1353,powhihe,28
1354,powhikāwī,-6
1355,poiwhā,153
1356,poingō,98
1357,pōkāī,131
1358,pokeetaī,-73
1359,ponōio,14
1360,pōngūroni,-6
1361,pōpaī,-50
1362,powaemāī,-32
1363,powewēto,101
1364,puā,34
1365,pūa,84
1366,pūā,59
1367,puāno,36
1368,puaū,17
1369,pūhūra,60
1370,puhuunge,25
1371,pūkemāī,-6
1372,pūkōngaei,-19
1373,pūmāou,60
1374,pumonēhu,175
1375,punē,14
1376,punōkāwē,32
1377,pupāu,55
1378,putaīnī,72
1379,pūtio,32
1380,raangērāā,-85
1381,raawēhē,-18
1382,rahuī,140
1383,raiiheā,28
1384,rākōpokē,154
1385,rangē,4
1386,rangī,146
1387,rānōkērē,95
1388,rāpūpu,100
1389,rārapīi,-22
1390,rārūa,60
1391,rāu,69
1392,rāwangī,19
1393,rāwī,85
1394,rāwīpo,13
1395,rehāwhīri,44
1396,rēhutēā,68
1397,rēmemu,67
1398,rēmiauwhe,-19
1399,remue,1
1400,remunō,-21
1401,rēmupēō,-4
1402,rerī,69
1403,rēriwhi,65
1404,rēro,41
1405,rētāpī,-11
1406,rētōea,-41
1407,reū,84
1408,reūa,70
1409,reuetaī,-14
1410,rēwērakī,69
1411,riaenu,-75
1412,riākuī,23
1413,rīwhake,54
1414,rīwhirio,55
1415,rīhāwīki,82
1416,rīi,-44
1417,rīkā,-28
1418,rimewī,-42
1419,rīmowhānu,17
1420,rīmuaiē,34
1421,rīngawī,85
1422,rinē,81
1423,rīwi,41
1424,roahōi,-23
1425,rōhakiī,-45
1426,rohonāwā,46
1427,rōhuuki,-23
1428,rōi,99
1429,roītowa,35
1430,rōkeā,81
1431,rōngū,24
1432,rōpīwhe,11
1433,rōpōī,-16
1434,ropōiohē,24
1435,rōtiwhe,46
1436,rōtīkiii,-85
1437,rūhāu,80
1438,rūhūikō,-22
1439,rūkēnga,103
1440,rūkue,-13
1441,rumiāu,-48
1442,rungāapīi,-85
1443,rūngioei,-95
1444,rūngū,-21
1445,rūngungoū,23
1446,rupo,45
1447,rurēwē,50
1448,rūripiu,106
1449,rūriū,29
1450,rūtāa,-53
1451,rūtowhā,-5
1452,ruwihi,131
1453,tāatō,-8
1454,tāe,78
1455,tāeniwe,15
1456,tawhetōrū,95
1457,taī,61
1458,tāiwhō,37
1459,tāinē,43
1460,tāngewhu,31
1461,tāngī,-9
1462,tangōngi,45
1463,tapopa,37
1464,tatitōī,27
1465,tāungenga,120
1466,tēa,9
1467,tēhuaāpō,-6
1468,tēngawāmā,-32
1469,tengowā,-24
1470,tēpeha,52
1471,tepūhē,68
1472,teū,-11
1473,tēuamewā,-32
1474,tīahu,103
1475,tieirii,-4
1476,tīengū,-25
1477,tīwhea,68
1478,tiwhi,69
1479,tīhairēi,112
1480,tīhānipo,19
1481,tihongū,41
1482,tīkīhiki,148
1483,tīmu,4
1484,tingāhi,85
1485,tīnīrire,19
1486,tīnoka,62
1487,tingoū,-24
1488,tinuānō,49
1489,tīpuhi,148
1490,tīrime,-20
1491,tiroā,155
1492,tītā,5
1493,tiū,26
1494,tiūwhākiō,-45
1495,tiwerēha,59
1496,tōā,54
1497,toāi,-76
1498,tōami,29
1499,tōenanō,13
1500,tōwhātāwhu,69
1501,towhewhā,45
1502,towhēnē,20
1503,tōwhīrui,87
1504,toīatō,48
1505,tokōerē,57
1506,tōmemi,76
1507,tōnekēi,52
1508,tōnomē,-7
1509,tōpē,-25
1510,topīi,-37
1511,tōrōngūre,31
1512,tōtoihō,76
1513,tūa,102
1514,tuāi,-1
1515,tūāme,-39
1516,tūāmo,81
1517,tuei,16
1518,tūhetē,130
1519,tūikongōu,84
1520,tukē,56
1521,tūkēā,12
1522,tūkeiati,57
1523,tūmekīi,-46
1524,tumookē,18
1525,tumopānō,-6
1526,tūngoa,98
1527,tuoke,85
1528,tuūhiu,-79
1529,tūwāwange,89
1530,tuwērahī,69
1531,uaā,19
1532,uaāwhu,-68
1533,uaāiwheu,-59
1534,uae,-90
1535,uaeā,5
1536,ūawhu,-49
1537,uāhāta,-11
1538,ūahīi,-67
1539,uaiē,-73
1540,uakie,-93
1541,ūange,66
1542,ūangēna,-20
1543,uangī,83
1544,ūangu,108
1545,uānuku,123
1546,uaoāra,-29
1547,uāpepowa,-46
1548,ūarae,5
1549,ūareū,-51
1550,ūatāngī,6
1551,uaūhēpu,-47
1552,uehāngū,43
1553,ueiuawe,-107
1554,uenaiikī,34
1555,uenekūī,-19
1556,uerē,69
1557,ueurāotī,-32
1558,ueuta,-50
1559,uwhawhu,2
1560,uwhahe,-24
1561,uwhāngī,3
1562,uwhe,-63
1563,uwhiheangu,74
1564,uhai,-25
1565,uhaiē,-93
1566,uhē,-34
1567,uhēhiongā,51
1568,uhīiapēi,-85
1569,uhōkīia,21
1570,uhōnī,32
1571,uhōu,-61
1572,uhukō,79
1573,uhūpōī,-21
1574,uiameā,-26
1575,uii,-39
1576,uikūkure,19
1577,uirē,38
1578,uirīi,-31
1579,uiteū,-36
1580,ūkahī,50
1581,ūkaī,56
1582,ūkāī,81
1583,ūkē,64
1584,ūkepu,51
1585,ukīho,-15
1586,ukīro,103
1587,uko,-71
1588,ūkō,-32
1589,ūkooko,-48
1590,ukuhie,-28
1591,ukuīnatō,-19
1592,ukukewhe,52
1593,ukūkiomē,-32
1594,umāī,39
1595,ume,-112
1596,umeta,40
1597,umōhēmiā,-19
1598,umōtēnē,-30
1599,umūngāihi,-32
1600,unā,-49
1601,ungaiwāi,-15
1602,unānā,78
1603,ūnānginai,-46
1604,ungaomiea,-19
1605,unārē,-7
1606,ūngauwhaa,2
1607,une,-36
1608,unē,-98
1609,ungehau,27
1610,ungengai,23
1611,ungengi,18
1612,unengu,-53
1613,ūngeo,-24
1614,unēpomeo,-4
1615,unerāmāu,154
1616,unērekē,22
1617,ungi,-65
1618,ūni,-114
1619,uniākū,-20
1620,ūngiawīte,-72
1621,uniwhe,12
1622,ūniko,-37
1623,uno,-36
1624,unō,-12
1625,ūnoā,53
1626,ungoapēi,-42
1627,ūngohūpā,-26
1628,ūnongū,-50
1629,ūngoukāī,-74
1630,ungu,-63
1631,ūngu,13
1632,ūnguhorē,-18
1633,unuhūwhe,84
1634,ūnukāire,19
1635,unumōakō,155
1636,ūpā,-58
1637,upaī,-14
1638,upawī,-15
1639,upe,53
1640,upē,10
1641,upeu,1
1642,upi,-96
1643,upīkiheu,-8
1644,upio,-135
1645,upipēō,-57
1646,ūpipopē,-78
1647,ūpirowa,43
1648,upō,50
1649,ūpoaāehi,-85
1650,upū,29
1651,ūpu,-38
1652,upunārīi,-85
1653,ūrā,-32
1654,ūrāā,-1
1655,ūrāpī,-16
1656,ūre,54
1657,ūreino,-33
1658,ūrēmiu,-22
1659,ūrēningu,-15
1660,ūrerokīi,-8
1661,ūrīwha,21
1662,ūrii,41
1663,ūrīia,3
1664,ūrio,-25
1665,ūritēā,49
1666,ūroengi,-33
1667,urōngaha,46
1668,uroohī,-79
1669,ūrowe,-63
1670,ūru,64
1671,ūrūikii,-68
1672,ururīia,-62
1673,ūrūta,75
1674,uruuno,-68
1675,utāwē,11
1676,utēā,-69
1677,utemuāngī,-46
1678,ūtētāpō,4
1679,uti,-25
1680,ūtīkāu,0
1681,utingoū,3
1682,utīwerē,21
1683,utōī,-28
1684,ūtōukaō,7
1685,utūaiā,71
1686,ūtuiotī,1
1687,ūtuūhōpu,6
1688,waawhipua,-6
1689,wahīi,23
1690,wāhīi,47
1691,wāi,66
1692,wāiē,17
1693,waienā,47
1694,waiepāā,-34
1695,wāiwī,27
1696,wakūī,-19
1697,wāmao,15
1698,wapēō,-32
1699,wātūwīwi,-6
1700,wāwēpae,74
1701,wāwihāo,24
1702,wēhē,-25
1703,wehoipēō,-32
1704,wekāo,20
1705,wekīwī,15
1706,wēkohī,-7
1707,wēneā,-25
1708,wēnētuwhe,-6
1709,wēni,-75
1710,wēnu,44
1711,wēpēō,-31
1712,wepōwāngu,-8
1713,wētō,69
1714,wetongū,65
1715,wewē,56
1716,wiwha,-53
1717,wiwherukō,44
1718,wīheo,-6
1719,wihiemi,22
1720,wingāiē,-66
1721,wināngāio,-58
1722,winē,-57
1723,wineerō,14
1724,wingiikē,-31
1725,winowhi,-41
1726,wīpinē,-23
1727,wīpōkē,0
1728,wīpu,-1
1729,wiratanī,74
1730,wiritūī,125
1731,wīroete,41
1732,witākū,31
1733,witī,16
1734,witōurī,42
1735,wītūwhia,3
1736,wīwekīi,-31
1737,wīwēroā,25
1738,wōkeewā,-107
1739,wōkingāiē,-32
1740,wōnē,29
1741,wōnīore,25
1742,wōpākā,-13
1743,wōpēō,-42
1744,wōpī,-24
1745,wōpōī,-82
1746,wōue,-75
1747,wōungāi,-48
1748,wōungoā,-68
1749,wūnakāngū,-32
1750,wūnerō,-38
1751,wūnopē,-67
1752,wūra,27
1753,wurawhā,23
1754,wūrapō,31
1755,wureū,29
1756,wuri,-25
1757,wurī,-25
1758,wuriwhe,-11
1759,wurūā,-9
1760,wurūnāi,-32
